session_id,student_id,session_index,week_number,status,check_in_delay_min
SES001,S001,1,1,Present,0
SES002,S001,2,1,Present,4
SES003,S001,3,2,Absent,
SES004,S001,4,2,Present,0
SES005,S001,5,3,Present,4
SES006,S001,6,3,Absent,
SES007,S001,7,4,Absent,
SES008,S001,8,4,Present,6
SES009,S001,9,5,Absent,
SES010,S001,10,5,Present,2
SES011,S001,11,6,Present,4
SES012,S001,12,6,Absent,
SES013,S001,13,7,Absent,
SES014,S001,14,7,Absent,
SES015,S001,15,8,Present,5
SES016,S001,16,8,Absent,
SES017,S001,17,9,Absent,
SES018,S001,18,9,Absent,
SES019,S001,19,10,Absent,
SES020,S001,20,10,Absent,
SES001,S002,1,1,Present,6
SES002,S002,2,1,Present,0
SES003,S002,3,2,Present,4
SES004,S002,4,2,Absent,
SES005,S002,5,3,Absent,
SES006,S002,6,3,Present,1
SES007,S002,7,4,Absent,
SES008,S002,8,4,Present,1
SES009,S002,9,5,Present,2
SES010,S002,10,5,Present,3
SES011,S002,11,6,Present,4
SES012,S002,12,6,Present,2
SES013,S002,13,7,Absent,
SES014,S002,14,7,Absent,
SES015,S002,15,8,Present,6
SES016,S002,16,8,Present,5
SES017,S002,17,9,Absent,
SES018,S002,18,9,Present,0
SES019,S002,19,10,Present,0
SES020,S002,20,10,Absent,
SES001,S003,1,1,Absent,
SES002,S003,2,1,Present,7
SES003,S003,3,2,Present,4
SES004,S003,4,2,Absent,
SES005,S003,5,3,Present,5
SES006,S003,6,3,Absent,
SES007,S003,7,4,Present,0
SES008,S003,8,4,Present,5
SES009,S003,9,5,Absent,
SES010,S003,10,5,Present,6
SES011,S003,11,6,Absent,
SES012,S003,12,6,Present,3
SES013,S003,13,7,Present,3
SES014,S003,14,7,Present,5
SES015,S003,15,8,Present,8
SES016,S003,16,8,Present,2
SES017,S003,17,9,Present,2
SES018,S003,18,9,Present,6
SES019,S003,19,10,Present,0
SES020,S003,20,10,Present,0
SES001,S004,1,1,Present,1
SES002,S004,2,1,Present,2
SES003,S004,3,2,Absent,
SES004,S004,4,2,Present,1
SES005,S004,5,3,Present,3
SES006,S004,6,3,Absent,
SES007,S004,7,4,Present,0
SES008,S004,8,4,Present,0
SES009,S004,9,5,Absent,
SES010,S004,10,5,Absent,
SES011,S004,11,6,Present,0
SES012,S004,12,6,Absent,
SES013,S004,13,7,Present,1
SES014,S004,14,7,Absent,
SES015,S004,15,8,Absent,
SES016,S004,16,8,Absent,
SES017,S004,17,9,Absent,
SES018,S004,18,9,Absent,
SES019,S004,19,10,Absent,
SES020,S004,20,10,Absent,
SES001,S005,1,1,Present,0
SES002,S005,2,1,Absent,
SES003,S005,3,2,Absent,
SES004,S005,4,2,Present,2
SES005,S005,5,3,Present,2
SES006,S005,6,3,Present,2
SES007,S005,7,4,Present,1
SES008,S005,8,4,Present,0
SES009,S005,9,5,Absent,
SES010,S005,10,5,Absent,
SES011,S005,11,6,Absent,
SES012,S005,12,6,Absent,
SES013,S005,13,7,Present,6
SES014,S005,14,7,Absent,
SES015,S005,15,8,Absent,
SES016,S005,16,8,Present,3
SES017,S005,17,9,Present,0
SES018,S005,18,9,Present,0
SES019,S005,19,10,Absent,
SES020,S005,20,10,Present,3
SES001,S006,1,1,Absent,
SES002,S006,2,1,Present,4
SES003,S006,3,2,Present,2
SES004,S006,4,2,Absent,
SES005,S006,5,3,Present,0
SES006,S006,6,3,Present,0
SES007,S006,7,4,Present,3
SES008,S006,8,4,Late,10
SES009,S006,9,5,Present,0
SES010,S006,10,5,Present,0
SES011,S006,11,6,Present,3
SES012,S006,12,6,Present,0
SES013,S006,13,7,Absent,
SES014,S006,14,7,Absent,
SES015,S006,15,8,Present,2
SES016,S006,16,8,Present,1
SES017,S006,17,9,Absent,
SES018,S006,18,9,Present,0
SES019,S006,19,10,Present,5
SES020,S006,20,10,Present,1
SES001,S007,1,1,Present,5
SES002,S007,2,1,Absent,
SES003,S007,3,2,Present,2
SES004,S007,4,2,Present,4
SES005,S007,5,3,Present,0
SES006,S007,6,3,Present,3
SES007,S007,7,4,Present,2
SES008,S007,8,4,Present,0
SES009,S007,9,5,Absent,
SES010,S007,10,5,Absent,
SES011,S007,11,6,Absent,
SES012,S007,12,6,Present,0
SES013,S007,13,7,Present,0
SES014,S007,14,7,Absent,
SES015,S007,15,8,Absent,
SES016,S007,16,8,Present,7
SES017,S007,17,9,Absent,
SES018,S007,18,9,Absent,
SES019,S007,19,10,Absent,
SES020,S007,20,10,Absent,
SES001,S008,1,1,Late,9
SES002,S008,2,1,Present,4
SES003,S008,3,2,Present,3
SES004,S008,4,2,Present,6
SES005,S008,5,3,Absent,
SES006,S008,6,3,Late,9
SES007,S008,7,4,Present,1
SES008,S008,8,4,Absent,
SES009,S008,9,5,Absent,
SES010,S008,10,5,Present,5
SES011,S008,11,6,Present,1
SES012,S008,12,6,Present,1
SES013,S008,13,7,Present,1
SES014,S008,14,7,Present,0
SES015,S008,15,8,Absent,
SES016,S008,16,8,Present,0
SES017,S008,17,9,Present,2
SES018,S008,18,9,Present,1
SES019,S008,19,10,Present,2
SES020,S008,20,10,Present,0
SES001,S009,1,1,Present,0
SES002,S009,2,1,Present,0
SES003,S009,3,2,Absent,
SES004,S009,4,2,Present,4
SES005,S009,5,3,Present,4
SES006,S009,6,3,Present,0
SES007,S009,7,4,Absent,
SES008,S009,8,4,Absent,
SES009,S009,9,5,Present,1
SES010,S009,10,5,Absent,
SES011,S009,11,6,Present,2
SES012,S009,12,6,Present,3
SES013,S009,13,7,Absent,
SES014,S009,14,7,Absent,
SES015,S009,15,8,Present,0
SES016,S009,16,8,Absent,
SES017,S009,17,9,Present,0
SES018,S009,18,9,Present,4
SES019,S009,19,10,Absent,
SES020,S009,20,10,Present,1
SES001,S010,1,1,Present,4
SES002,S010,2,1,Absent,
SES003,S010,3,2,Present,0
SES004,S010,4,2,Present,0
SES005,S010,5,3,Present,5
SES006,S010,6,3,Present,6
SES007,S010,7,4,Present,0
SES008,S010,8,4,Present,0
SES009,S010,9,5,Present,0
SES010,S010,10,5,Present,6
SES011,S010,11,6,Present,0
SES012,S010,12,6,Present,2
SES013,S010,13,7,Present,0
SES014,S010,14,7,Present,0
SES015,S010,15,8,Present,1
SES016,S010,16,8,Present,0
SES017,S010,17,9,Absent,
SES018,S010,18,9,Present,4
SES019,S010,19,10,Present,5
SES020,S010,20,10,Present,3
SES001,S011,1,1,Present,2
SES002,S011,2,1,Present,5
SES003,S011,3,2,Present,3
SES004,S011,4,2,Present,2
SES005,S011,5,3,Present,2
SES006,S011,6,3,Absent,
SES007,S011,7,4,Absent,
SES008,S011,8,4,Absent,
SES009,S011,9,5,Absent,
SES010,S011,10,5,Present,0
SES011,S011,11,6,Present,3
SES012,S011,12,6,Present,0
SES013,S011,13,7,Present,2
SES014,S011,14,7,Present,2
SES015,S011,15,8,Absent,
SES016,S011,16,8,Present,4
SES017,S011,17,9,Absent,
SES018,S011,18,9,Absent,
SES019,S011,19,10,Absent,
SES020,S011,20,10,Present,6
SES001,S012,1,1,Present,4
SES002,S012,2,1,Present,0
SES003,S012,3,2,Present,0
SES004,S012,4,2,Present,1
SES005,S012,5,3,Present,0
SES006,S012,6,3,Present,3
SES007,S012,7,4,Present,2
SES008,S012,8,4,Present,0
SES009,S012,9,5,Absent,
SES010,S012,10,5,Present,0
SES011,S012,11,6,Present,0
SES012,S012,12,6,Present,0
SES013,S012,13,7,Present,6
SES014,S012,14,7,Present,0
SES015,S012,15,8,Present,2
SES016,S012,16,8,Present,0
SES017,S012,17,9,Present,0
SES018,S012,18,9,Present,0
SES019,S012,19,10,Present,0
SES020,S012,20,10,Present,0
SES001,S013,1,1,Present,0
SES002,S013,2,1,Present,0
SES003,S013,3,2,Absent,
SES004,S013,4,2,Present,5
SES005,S013,5,3,Present,4
SES006,S013,6,3,Present,5
SES007,S013,7,4,Absent,
SES008,S013,8,4,Absent,
SES009,S013,9,5,Present,0
SES010,S013,10,5,Present,0
SES011,S013,11,6,Present,2
SES012,S013,12,6,Present,2
SES013,S013,13,7,Present,0
SES014,S013,14,7,Present,2
SES015,S013,15,8,Present,2
SES016,S013,16,8,Present,2
SES017,S013,17,9,Present,3
SES018,S013,18,9,Present,0
SES019,S013,19,10,Present,4
SES020,S013,20,10,Present,3
SES001,S014,1,1,Absent,
SES002,S014,2,1,Absent,
SES003,S014,3,2,Absent,
SES004,S014,4,2,Present,0
SES005,S014,5,3,Absent,
SES006,S014,6,3,Present,4
SES007,S014,7,4,Present,5
SES008,S014,8,4,Absent,
SES009,S014,9,5,Absent,
SES010,S014,10,5,Absent,
SES011,S014,11,6,Absent,
SES012,S014,12,6,Present,3
SES013,S014,13,7,Absent,
SES014,S014,14,7,Absent,
SES015,S014,15,8,Absent,
SES016,S014,16,8,Absent,
SES017,S014,17,9,Absent,
SES018,S014,18,9,Absent,
SES019,S014,19,10,Absent,
SES020,S014,20,10,Absent,
SES001,S015,1,1,Present,3
SES002,S015,2,1,Present,7
SES003,S015,3,2,Present,1
SES004,S015,4,2,Present,0
SES005,S015,5,3,Present,1
SES006,S015,6,3,Present,0
SES007,S015,7,4,Present,0
SES008,S015,8,4,Present,1
SES009,S015,9,5,Present,1
SES010,S015,10,5,Present,2
SES011,S015,11,6,Present,2
SES012,S015,12,6,Present,1
SES013,S015,13,7,Present,3
SES014,S015,14,7,Present,4
SES015,S015,15,8,Present,3
SES016,S015,16,8,Present,3
SES017,S015,17,9,Present,4
SES018,S015,18,9,Present,0
SES019,S015,19,10,Present,2
SES020,S015,20,10,Present,0
SES001,S016,1,1,Absent,
SES002,S016,2,1,Late,10
SES003,S016,3,2,Present,2
SES004,S016,4,2,Present,0
SES005,S016,5,3,Present,1
SES006,S016,6,3,Absent,
SES007,S016,7,4,Present,4
SES008,S016,8,4,Absent,
SES009,S016,9,5,Present,2
SES010,S016,10,5,Present,1
SES011,S016,11,6,Present,1
SES012,S016,12,6,Present,4
SES013,S016,13,7,Present,6
SES014,S016,14,7,Present,3
SES015,S016,15,8,Absent,
SES016,S016,16,8,Absent,
SES017,S016,17,9,Present,1
SES018,S016,18,9,Present,1
SES019,S016,19,10,Present,5
SES020,S016,20,10,Present,3
SES001,S017,1,1,Present,0
SES002,S017,2,1,Present,0
SES003,S017,3,2,Present,2
SES004,S017,4,2,Present,1
SES005,S017,5,3,Present,6
SES006,S017,6,3,Present,4
SES007,S017,7,4,Present,3
SES008,S017,8,4,Present,1
SES009,S017,9,5,Present,1
SES010,S017,10,5,Present,1
SES011,S017,11,6,Absent,
SES012,S017,12,6,Present,0
SES013,S017,13,7,Present,3
SES014,S017,14,7,Present,0
SES015,S017,15,8,Present,3
SES016,S017,16,8,Present,0
SES017,S017,17,9,Present,0
SES018,S017,18,9,Present,2
SES019,S017,19,10,Present,8
SES020,S017,20,10,Present,5
SES001,S018,1,1,Present,3
SES002,S018,2,1,Present,0
SES003,S018,3,2,Present,2
SES004,S018,4,2,Absent,
SES005,S018,5,3,Present,6
SES006,S018,6,3,Present,0
SES007,S018,7,4,Present,3
SES008,S018,8,4,Present,5
SES009,S018,9,5,Present,1
SES010,S018,10,5,Present,0
SES011,S018,11,6,Present,0
SES012,S018,12,6,Present,0
SES013,S018,13,7,Present,6
SES014,S018,14,7,Present,0
SES015,S018,15,8,Present,0
SES016,S018,16,8,Present,0
SES017,S018,17,9,Present,5
SES018,S018,18,9,Present,4
SES019,S018,19,10,Present,4
SES020,S018,20,10,Present,1
SES001,S019,1,1,Present,0
SES002,S019,2,1,Present,4
SES003,S019,3,2,Present,4
SES004,S019,4,2,Absent,
SES005,S019,5,3,Present,0
SES006,S019,6,3,Present,0
SES007,S019,7,4,Present,2
SES008,S019,8,4,Absent,
SES009,S019,9,5,Present,2
SES010,S019,10,5,Present,3
SES011,S019,11,6,Present,2
SES012,S019,12,6,Present,3
SES013,S019,13,7,Present,0
SES014,S019,14,7,Absent,
SES015,S019,15,8,Present,0
SES016,S019,16,8,Absent,
SES017,S019,17,9,Present,0
SES018,S019,18,9,Absent,
SES019,S019,19,10,Present,3
SES020,S019,20,10,Absent,
SES001,S020,1,1,Present,0
SES002,S020,2,1,Present,2
SES003,S020,3,2,Present,0
SES004,S020,4,2,Present,4
SES005,S020,5,3,Absent,
SES006,S020,6,3,Present,6
SES007,S020,7,4,Present,0
SES008,S020,8,4,Present,0
SES009,S020,9,5,Present,4
SES010,S020,10,5,Present,4
SES011,S020,11,6,Present,0
SES012,S020,12,6,Present,3
SES013,S020,13,7,Absent,
SES014,S020,14,7,Present,0
SES015,S020,15,8,Present,1
SES016,S020,16,8,Absent,
SES017,S020,17,9,Present,0
SES018,S020,18,9,Absent,
SES019,S020,19,10,Absent,
SES020,S020,20,10,Present,2
SES001,S021,1,1,Absent,
SES002,S021,2,1,Present,3
SES003,S021,3,2,Present,0
SES004,S021,4,2,Present,2
SES005,S021,5,3,Present,0
SES006,S021,6,3,Absent,
SES007,S021,7,4,Present,2
SES008,S021,8,4,Present,1
SES009,S021,9,5,Present,3
SES010,S021,10,5,Present,0
SES011,S021,11,6,Absent,
SES012,S021,12,6,Present,1
SES013,S021,13,7,Absent,
SES014,S021,14,7,Present,4
SES015,S021,15,8,Present,3
SES016,S021,16,8,Present,1
SES017,S021,17,9,Present,2
SES018,S021,18,9,Present,0
SES019,S021,19,10,Present,0
SES020,S021,20,10,Present,5
SES001,S022,1,1,Absent,
SES002,S022,2,1,Present,0
SES003,S022,3,2,Present,0
SES004,S022,4,2,Absent,
SES005,S022,5,3,Absent,
SES006,S022,6,3,Absent,
SES007,S022,7,4,Absent,
SES008,S022,8,4,Present,0
SES009,S022,9,5,Absent,
SES010,S022,10,5,Present,1
SES011,S022,11,6,Absent,
SES012,S022,12,6,Absent,
SES013,S022,13,7,Absent,
SES014,S022,14,7,Present,4
SES015,S022,15,8,Present,0
SES016,S022,16,8,Present,0
SES017,S022,17,9,Absent,
SES018,S022,18,9,Present,1
SES019,S022,19,10,Absent,
SES020,S022,20,10,Absent,
SES001,S023,1,1,Present,0
SES002,S023,2,1,Present,1
SES003,S023,3,2,Present,0
SES004,S023,4,2,Present,0
SES005,S023,5,3,Present,4
SES006,S023,6,3,Present,2
SES007,S023,7,4,Present,2
SES008,S023,8,4,Present,0
SES009,S023,9,5,Present,2
SES010,S023,10,5,Present,2
SES011,S023,11,6,Present,5
SES012,S023,12,6,Present,0
SES013,S023,13,7,Present,0
SES014,S023,14,7,Present,4
SES015,S023,15,8,Present,5
SES016,S023,16,8,Present,1
SES017,S023,17,9,Present,5
SES018,S023,18,9,Absent,
SES019,S023,19,10,Present,6
SES020,S023,20,10,Present,0
SES001,S024,1,1,Present,0
SES002,S024,2,1,Present,3
SES003,S024,3,2,Present,1
SES004,S024,4,2,Absent,
SES005,S024,5,3,Absent,
SES006,S024,6,3,Absent,
SES007,S024,7,4,Present,0
SES008,S024,8,4,Absent,
SES009,S024,9,5,Absent,
SES010,S024,10,5,Absent,
SES011,S024,11,6,Absent,
SES012,S024,12,6,Absent,
SES013,S024,13,7,Present,5
SES014,S024,14,7,Absent,
SES015,S024,15,8,Present,5
SES016,S024,16,8,Absent,
SES017,S024,17,9,Absent,
SES018,S024,18,9,Present,4
SES019,S024,19,10,Present,1
SES020,S024,20,10,Absent,
SES001,S025,1,1,Present,7
SES002,S025,2,1,Present,0
SES003,S025,3,2,Absent,
SES004,S025,4,2,Absent,
SES005,S025,5,3,Present,0
SES006,S025,6,3,Absent,
SES007,S025,7,4,Present,0
SES008,S025,8,4,Absent,
SES009,S025,9,5,Present,7
SES010,S025,10,5,Absent,
SES011,S025,11,6,Present,6
SES012,S025,12,6,Absent,
SES013,S025,13,7,Present,0
SES014,S025,14,7,Present,2
SES015,S025,15,8,Present,8
SES016,S025,16,8,Present,0
SES017,S025,17,9,Absent,
SES018,S025,18,9,Present,1
SES019,S025,19,10,Present,0
SES020,S025,20,10,Present,6
SES001,S026,1,1,Present,0
SES002,S026,2,1,Present,1
SES003,S026,3,2,Present,3
SES004,S026,4,2,Present,3
SES005,S026,5,3,Present,1
SES006,S026,6,3,Present,6
SES007,S026,7,4,Present,0
SES008,S026,8,4,Present,0
SES009,S026,9,5,Present,1
SES010,S026,10,5,Present,0
SES011,S026,11,6,Present,1
SES012,S026,12,6,Present,7
SES013,S026,13,7,Present,4
SES014,S026,14,7,Present,2
SES015,S026,15,8,Present,2
SES016,S026,16,8,Present,1
SES017,S026,17,9,Present,1
SES018,S026,18,9,Present,0
SES019,S026,19,10,Present,1
SES020,S026,20,10,Present,4
SES001,S027,1,1,Present,2
SES002,S027,2,1,Present,0
SES003,S027,3,2,Present,3
SES004,S027,4,2,Present,1
SES005,S027,5,3,Present,1
SES006,S027,6,3,Absent,
SES007,S027,7,4,Present,0
SES008,S027,8,4,Absent,
SES009,S027,9,5,Present,2
SES010,S027,10,5,Present,2
SES011,S027,11,6,Absent,
SES012,S027,12,6,Absent,
SES013,S027,13,7,Present,8
SES014,S027,14,7,Present,8
SES015,S027,15,8,Present,2
SES016,S027,16,8,Present,0
SES017,S027,17,9,Present,0
SES018,S027,18,9,Absent,
SES019,S027,19,10,Absent,
SES020,S027,20,10,Absent,
SES001,S028,1,1,Absent,
SES002,S028,2,1,Present,1
SES003,S028,3,2,Absent,
SES004,S028,4,2,Absent,
SES005,S028,5,3,Absent,
SES006,S028,6,3,Present,0
SES007,S028,7,4,Absent,
SES008,S028,8,4,Absent,
SES009,S028,9,5,Present,2
SES010,S028,10,5,Present,4
SES011,S028,11,6,Present,0
SES012,S028,12,6,Present,2
SES013,S028,13,7,Present,8
SES014,S028,14,7,Present,2
SES015,S028,15,8,Absent,
SES016,S028,16,8,Absent,
SES017,S028,17,9,Absent,
SES018,S028,18,9,Absent,
SES019,S028,19,10,Absent,
SES020,S028,20,10,Absent,
SES001,S029,1,1,Present,2
SES002,S029,2,1,Present,2
SES003,S029,3,2,Present,0
SES004,S029,4,2,Present,1
SES005,S029,5,3,Present,5
SES006,S029,6,3,Present,3
SES007,S029,7,4,Absent,
SES008,S029,8,4,Present,0
SES009,S029,9,5,Absent,
SES010,S029,10,5,Absent,
SES011,S029,11,6,Absent,
SES012,S029,12,6,Present,2
SES013,S029,13,7,Present,0
SES014,S029,14,7,Present,0
SES015,S029,15,8,Absent,
SES016,S029,16,8,Present,0
SES017,S029,17,9,Present,2
SES018,S029,18,9,Absent,
SES019,S029,19,10,Present,3
SES020,S029,20,10,Present,2
SES001,S030,1,1,Present,1
SES002,S030,2,1,Present,2
SES003,S030,3,2,Present,0
SES004,S030,4,2,Present,1
SES005,S030,5,3,Present,3
SES006,S030,6,3,Present,4
SES007,S030,7,4,Present,3
SES008,S030,8,4,Present,0
SES009,S030,9,5,Present,0
SES010,S030,10,5,Present,3
SES011,S030,11,6,Present,1
SES012,S030,12,6,Present,2
SES013,S030,13,7,Absent,
SES014,S030,14,7,Present,5
SES015,S030,15,8,Present,5
SES016,S030,16,8,Present,3
SES017,S030,17,9,Late,10
SES018,S030,18,9,Present,0
SES019,S030,19,10,Present,2
SES020,S030,20,10,Present,5
SES001,S031,1,1,Present,4
SES002,S031,2,1,Present,0
SES003,S031,3,2,Present,2
SES004,S031,4,2,Present,7
SES005,S031,5,3,Present,1
SES006,S031,6,3,Present,1
SES007,S031,7,4,Present,0
SES008,S031,8,4,Present,4
SES009,S031,9,5,Present,2
SES010,S031,10,5,Absent,
SES011,S031,11,6,Present,0
SES012,S031,12,6,Absent,
SES013,S031,13,7,Absent,
SES014,S031,14,7,Present,2
SES015,S031,15,8,Absent,
SES016,S031,16,8,Absent,
SES017,S031,17,9,Present,0
SES018,S031,18,9,Present,4
SES019,S031,19,10,Absent,
SES020,S031,20,10,Absent,
SES001,S032,1,1,Absent,
SES002,S032,2,1,Present,2
SES003,S032,3,2,Present,0
SES004,S032,4,2,Present,0
SES005,S032,5,3,Present,1
SES006,S032,6,3,Present,2
SES007,S032,7,4,Present,1
SES008,S032,8,4,Present,6
SES009,S032,9,5,Absent,
SES010,S032,10,5,Absent,
SES011,S032,11,6,Present,0
SES012,S032,12,6,Present,1
SES013,S032,13,7,Present,0
SES014,S032,14,7,Present,0
SES015,S032,15,8,Absent,
SES016,S032,16,8,Present,7
SES017,S032,17,9,Present,5
SES018,S032,18,9,Present,3
SES019,S032,19,10,Absent,
SES020,S032,20,10,Present,4
SES001,S033,1,1,Present,5
SES002,S033,2,1,Present,5
SES003,S033,3,2,Present,0
SES004,S033,4,2,Present,4
SES005,S033,5,3,Present,1
SES006,S033,6,3,Present,1
SES007,S033,7,4,Present,0
SES008,S033,8,4,Absent,
SES009,S033,9,5,Present,0
SES010,S033,10,5,Present,2
SES011,S033,11,6,Absent,
SES012,S033,12,6,Present,1
SES013,S033,13,7,Present,0
SES014,S033,14,7,Present,6
SES015,S033,15,8,Absent,
SES016,S033,16,8,Present,0
SES017,S033,17,9,Present,0
SES018,S033,18,9,Present,6
SES019,S033,19,10,Present,0
SES020,S033,20,10,Present,0
SES001,S034,1,1,Absent,
SES002,S034,2,1,Present,4
SES003,S034,3,2,Present,0
SES004,S034,4,2,Absent,
SES005,S034,5,3,Absent,
SES006,S034,6,3,Present,7
SES007,S034,7,4,Present,0
SES008,S034,8,4,Present,0
SES009,S034,9,5,Absent,
SES010,S034,10,5,Present,0
SES011,S034,11,6,Absent,
SES012,S034,12,6,Absent,
SES013,S034,13,7,Present,3
SES014,S034,14,7,Present,2
SES015,S034,15,8,Present,0
SES016,S034,16,8,Absent,
SES017,S034,17,9,Present,0
SES018,S034,18,9,Absent,
SES019,S034,19,10,Present,3
SES020,S034,20,10,Present,5
SES001,S035,1,1,Absent,
SES002,S035,2,1,Present,0
SES003,S035,3,2,Present,1
SES004,S035,4,2,Present,3
SES005,S035,5,3,Present,0
SES006,S035,6,3,Present,3
SES007,S035,7,4,Present,4
SES008,S035,8,4,Present,4
SES009,S035,9,5,Present,3
SES010,S035,10,5,Present,0
SES011,S035,11,6,Present,0
SES012,S035,12,6,Absent,
SES013,S035,13,7,Absent,
SES014,S035,14,7,Present,2
SES015,S035,15,8,Present,2
SES016,S035,16,8,Present,0
SES017,S035,17,9,Absent,
SES018,S035,18,9,Present,1
SES019,S035,19,10,Present,3
SES020,S035,20,10,Absent,
SES001,S036,1,1,Absent,
SES002,S036,2,1,Present,2
SES003,S036,3,2,Present,7
SES004,S036,4,2,Present,0
SES005,S036,5,3,Absent,
SES006,S036,6,3,Present,3
SES007,S036,7,4,Absent,
SES008,S036,8,4,Present,0
SES009,S036,9,5,Present,0
SES010,S036,10,5,Absent,
SES011,S036,11,6,Present,2
SES012,S036,12,6,Absent,
SES013,S036,13,7,Present,4
SES014,S036,14,7,Absent,
SES015,S036,15,8,Present,0
SES016,S036,16,8,Absent,
SES017,S036,17,9,Absent,
SES018,S036,18,9,Absent,
SES019,S036,19,10,Absent,
SES020,S036,20,10,Absent,
SES001,S037,1,1,Present,6
SES002,S037,2,1,Present,3
SES003,S037,3,2,Present,2
SES004,S037,4,2,Present,2
SES005,S037,5,3,Present,1
SES006,S037,6,3,Absent,
SES007,S037,7,4,Present,2
SES008,S037,8,4,Present,0
SES009,S037,9,5,Present,1
SES010,S037,10,5,Present,0
SES011,S037,11,6,Present,3
SES012,S037,12,6,Present,4
SES013,S037,13,7,Present,4
SES014,S037,14,7,Absent,
SES015,S037,15,8,Present,1
SES016,S037,16,8,Present,0
SES017,S037,17,9,Absent,
SES018,S037,18,9,Present,0
SES019,S037,19,10,Present,0
SES020,S037,20,10,Absent,
SES001,S038,1,1,Present,0
SES002,S038,2,1,Present,2
SES003,S038,3,2,Absent,
SES004,S038,4,2,Present,3
SES005,S038,5,3,Present,0
SES006,S038,6,3,Present,0
SES007,S038,7,4,Absent,
SES008,S038,8,4,Absent,
SES009,S038,9,5,Present,4
SES010,S038,10,5,Present,0
SES011,S038,11,6,Present,0
SES012,S038,12,6,Present,6
SES013,S038,13,7,Present,2
SES014,S038,14,7,Present,0
SES015,S038,15,8,Present,0
SES016,S038,16,8,Absent,
SES017,S038,17,9,Present,6
SES018,S038,18,9,Present,3
SES019,S038,19,10,Present,4
SES020,S038,20,10,Present,0
SES001,S039,1,1,Absent,
SES002,S039,2,1,Present,2
SES003,S039,3,2,Present,2
SES004,S039,4,2,Present,6
SES005,S039,5,3,Present,1
SES006,S039,6,3,Present,1
SES007,S039,7,4,Present,3
SES008,S039,8,4,Present,3
SES009,S039,9,5,Present,2
SES010,S039,10,5,Absent,
SES011,S039,11,6,Present,7
SES012,S039,12,6,Present,6
SES013,S039,13,7,Present,6
SES014,S039,14,7,Present,3
SES015,S039,15,8,Present,0
SES016,S039,16,8,Present,3
SES017,S039,17,9,Present,0
SES018,S039,18,9,Present,0
SES019,S039,19,10,Present,4
SES020,S039,20,10,Absent,
