student_id,week_number,lms_logins,assignment_submitted,quiz_score,forum_posts
S001,1,4,True,63.4,3
S001,2,4,True,76.9,0
S001,3,2,True,68.3,1
S001,4,1,True,54.0,0
S001,5,4,True,43.9,2
S001,6,4,False,61.3,0
S001,7,4,False,27.0,1
S001,8,1,False,35.1,0
S001,9,0,False,20.0,1
S001,10,0,False,20.0,0
S002,1,6,True,97.0,2
S002,2,8,True,95.8,1
S002,3,8,True,79.9,1
S002,4,5,True,73.0,0
S002,5,9,True,87.6,1
S002,6,9,True,69.3,0
S002,7,8,True,73.9,2
S002,8,10,True,82.9,2
S002,9,7,False,84.7,0
S002,10,7,True,56.5,2
S003,1,12,True,100.0,4
S003,2,8,True,95.9,1
S003,3,6,True,93.9,2
S003,4,10,True,95.2,2
S003,5,8,True,79.6,1
S003,6,4,True,78.9,3
S003,7,11,False,80.1,0
S003,8,7,True,89.9,0
S003,9,4,False,66.0,2
S003,10,8,False,90.2,1
S004,1,4,True,64.0,0
S004,2,2,False,41.7,0
S004,3,2,True,58.8,1
S004,4,7,True,30.3,0
S004,5,3,False,26.0,0
S004,6,0,False,23.3,0
S004,7,0,False,20.0,0
S004,8,0,False,20.0,0
S004,9,3,False,20.0,0
S004,10,0,False,20.0,0
S005,1,1,True,54.1,2
S005,2,4,True,57.0,1
S005,3,2,True,62.9,1
S005,4,7,False,64.7,0
S005,5,6,False,41.9,1
S005,6,6,True,58.9,1
S005,7,3,True,71.2,1
S005,8,6,True,55.5,1
S005,9,3,False,54.9,1
S005,10,4,False,41.8,0
S006,1,11,True,92.0,0
S006,2,5,True,81.0,2
S006,3,5,True,71.5,0
S006,4,6,True,70.4,2
S006,5,7,False,80.1,1
S006,6,9,True,81.1,1
S006,7,8,True,72.1,1
S006,8,8,True,70.7,1
S006,9,3,True,78.4,1
S006,10,7,True,72.9,1
S007,1,5,True,75.4,1
S007,2,7,True,68.8,1
S007,3,2,True,69.4,0
S007,4,6,False,58.3,1
S007,5,2,True,38.4,1
S007,6,0,False,29.7,1
S007,7,0,False,22.4,2
S007,8,4,False,20.0,0
S007,9,2,False,28.6,1
S007,10,5,True,20.0,0
S008,1,8,True,71.2,0
S008,2,9,True,87.9,0
S008,3,5,True,68.5,0
S008,4,12,True,84.0,0
S008,5,4,True,75.2,3
S008,6,10,True,59.6,1
S008,7,1,False,80.8,2
S008,8,5,True,83.3,0
S008,9,5,True,87.1,1
S008,10,1,True,83.8,1
S009,1,10,False,47.2,1
S009,2,7,False,59.0,1
S009,3,7,True,52.9,0
S009,4,3,True,58.7,2
S009,5,7,False,39.7,0
S009,6,4,True,62.5,1
S009,7,3,True,55.1,0
S009,8,5,True,56.4,2
S009,9,5,True,81.7,2
S009,10,8,False,67.1,2
S010,1,9,True,91.0,0
S010,2,7,True,76.3,3
S010,3,7,True,85.9,0
S010,4,10,True,75.5,0
S010,5,4,True,70.5,2
S010,6,4,True,91.3,2
S010,7,4,False,85.7,1
S010,8,5,True,72.3,0
S010,9,3,True,83.4,3
S010,10,7,True,73.1,1
S011,1,6,True,81.8,0
S011,2,3,False,84.4,1
S011,3,7,True,73.3,1
S011,4,8,False,59.7,2
S011,5,5,True,59.0,0
S011,6,8,True,54.7,0
S011,7,2,True,62.8,2
S011,8,7,False,71.3,2
S011,9,8,True,45.2,0
S011,10,5,False,47.6,0
S012,1,4,False,92.1,4
S012,2,8,True,85.0,1
S012,3,12,True,90.9,1
S012,4,9,True,81.6,0
S012,5,7,True,100.0,1
S012,6,11,True,98.5,3
S012,7,5,True,88.0,0
S012,8,8,True,97.7,1
S012,9,8,True,86.7,4
S012,10,9,True,83.5,2
S013,1,7,False,88.6,2
S013,2,6,False,80.4,3
S013,3,6,True,81.6,0
S013,4,3,True,82.1,0
S013,5,3,True,81.0,1
S013,6,6,True,83.0,1
S013,7,7,True,90.2,1
S013,8,7,True,80.5,2
S013,9,8,True,100.0,1
S013,10,6,True,89.9,1
S014,1,4,True,52.4,1
S014,2,7,False,57.5,0
S014,3,6,False,45.9,1
S014,4,3,False,25.3,0
S014,5,5,True,30.7,1
S014,6,1,False,20.0,0
S014,7,2,False,20.0,0
S014,8,0,False,20.0,0
S014,9,0,False,20.0,0
S014,10,0,False,20.0,0
S015,1,8,False,88.9,1
S015,2,10,True,87.8,0
S015,3,11,True,96.0,0
S015,4,6,True,100.0,1
S015,5,9,True,100.0,1
S015,6,4,True,93.7,2
S015,7,6,True,93.0,2
S015,8,7,True,100.0,3
S015,9,11,True,95.7,0
S015,10,7,True,89.0,3
S016,1,1,False,88.6,0
S016,2,6,True,72.0,0
S016,3,5,True,81.5,0
S016,4,6,True,71.1,1
S016,5,8,True,80.0,3
S016,6,8,True,98.4,0
S016,7,7,False,88.9,2
S016,8,11,True,100.0,4
S016,9,10,False,100.0,1
S016,10,8,True,90.5,3
S017,1,9,True,91.5,0
S017,2,9,True,83.6,2
S017,3,8,True,79.8,4
S017,4,6,True,100.0,3
S017,5,6,True,100.0,0
S017,6,6,True,79.4,0
S017,7,9,True,100.0,1
S017,8,5,True,100.0,0
S017,9,10,True,99.2,4
S017,10,10,True,100.0,1
S018,1,8,True,89.6,1
S018,2,11,True,92.8,2
S018,3,8,True,78.5,3
S018,4,8,True,96.1,0
S018,5,8,True,91.6,0
S018,6,5,True,100.0,2
S018,7,4,True,96.0,2
S018,8,8,True,91.3,1
S018,9,11,True,94.8,1
S018,10,9,True,97.3,3
S019,1,2,True,78.1,3
S019,2,6,True,74.0,3
S019,3,8,True,58.2,3
S019,4,5,True,70.4,1
S019,5,5,True,71.1,0
S019,6,6,True,62.6,1
S019,7,5,True,71.1,1
S019,8,5,True,64.5,0
S019,9,5,False,69.2,0
S019,10,6,True,55.8,1
S020,1,7,True,95.1,1
S020,2,7,True,93.9,0
S020,3,3,True,88.0,0
S020,4,6,True,83.3,1
S020,5,9,True,73.5,1
S020,6,10,True,85.7,0
S020,7,3,True,79.5,1
S020,8,5,True,69.6,2
S020,9,4,True,68.9,2
S020,10,5,False,64.6,2
S021,1,6,True,63.1,0
S021,2,5,False,67.3,0
S021,3,6,True,61.7,2
S021,4,3,False,73.9,0
S021,5,4,True,65.3,2
S021,6,7,False,58.9,0
S021,7,1,False,57.6,0
S021,8,7,True,55.3,1
S021,9,3,True,46.9,0
S021,10,8,False,63.6,0
S022,1,5,True,63.5,1
S022,2,9,True,57.7,1
S022,3,3,True,54.4,0
S022,4,7,False,61.5,1
S022,5,5,True,46.3,1
S022,6,6,False,64.7,0
S022,7,8,True,38.4,0
S022,8,5,False,22.7,0
S022,9,3,False,39.2,0
S022,10,0,False,25.0,0
S023,1,10,True,97.4,2
S023,2,10,True,100.0,1
S023,3,10,True,84.0,2
S023,4,10,True,96.2,1
S023,5,10,True,92.9,1
S023,6,7,True,90.4,1
S023,7,5,True,94.9,2
S023,8,8,True,100.0,1
S023,9,8,True,86.0,2
S023,10,6,True,100.0,4
S024,1,5,True,70.2,0
S024,2,7,True,53.5,1
S024,3,3,False,70.1,1
S024,4,3,True,58.0,2
S024,5,1,True,44.4,1
S024,6,4,True,52.0,0
S024,7,0,False,50.8,0
S024,8,2,True,36.8,0
S024,9,6,False,20.0,1
S024,10,1,True,39.5,0
S025,1,9,True,87.2,0
S025,2,4,True,78.6,3
S025,3,10,True,74.5,0
S025,4,11,False,64.2,0
S025,5,6,True,63.3,1
S025,6,8,True,91.5,2
S025,7,10,True,69.6,0
S025,8,8,False,70.8,2
S025,9,4,True,86.9,2
S025,10,5,False,64.9,1
S026,1,6,True,100.0,1
S026,2,8,False,82.3,1
S026,3,8,True,71.5,3
S026,4,6,True,88.1,1
S026,5,6,True,100.0,0
S026,6,8,True,90.5,2
S026,7,4,True,79.7,1
S026,8,6,True,94.6,2
S026,9,3,True,96.3,1
S026,10,9,True,88.9,1
S027,1,6,True,72.2,0
S027,2,9,True,82.9,1
S027,3,8,True,82.6,1
S027,4,7,True,67.6,1
S027,5,8,True,73.5,3
S027,6,4,True,77.4,1
S027,7,4,True,65.9,1
S027,8,5,True,51.7,2
S027,9,8,True,57.1,2
S027,10,2,False,75.3,1
S028,1,7,True,59.9,0
S028,2,6,False,59.8,1
S028,3,4,True,61.4,0
S028,4,3,True,48.3,0
S028,5,4,True,24.7,0
S028,6,3,False,42.9,0
S028,7,3,False,28.5,1
S028,8,3,False,20.0,0
S028,9,1,True,21.1,0
S028,10,1,False,20.0,0
S029,1,8,True,56.8,0
S029,2,9,True,88.5,1
S029,3,7,True,80.8,0
S029,4,3,True,71.4,0
S029,5,8,True,86.1,2
S029,6,4,True,65.2,1
S029,7,7,True,77.7,1
S029,8,5,True,87.2,1
S029,9,7,False,82.0,0
S029,10,5,True,81.8,1
S030,1,8,True,86.0,1
S030,2,6,True,75.7,1
S030,3,10,True,71.1,0
S030,4,13,True,74.8,0
S030,5,10,True,81.8,0
S030,6,9,True,100.0,2
S030,7,7,True,82.7,2
S030,8,7,True,86.5,1
S030,9,9,True,90.1,1
S030,10,9,True,100.0,2
S031,1,9,True,88.4,2
S031,2,7,True,90.2,0
S031,3,5,True,71.9,1
S031,4,10,True,63.6,0
S031,5,6,True,58.9,0
S031,6,8,True,62.9,2
S031,7,10,True,49.1,4
S031,8,5,True,56.3,0
S031,9,9,True,54.3,2
S031,10,1,False,46.5,2
S032,1,7,True,77.0,2
S032,2,8,True,77.5,0
S032,3,1,True,68.9,2
S032,4,2,True,61.8,2
S032,5,6,False,68.9,0
S032,6,5,True,69.6,0
S032,7,3,True,64.2,0
S032,8,6,True,65.4,3
S032,9,6,False,63.8,0
S032,10,10,True,61.6,0
S033,1,9,False,75.4,0
S033,2,7,True,84.5,3
S033,3,9,True,89.7,0
S033,4,7,True,83.0,2
S033,5,4,True,79.3,1
S033,6,7,True,99.6,3
S033,7,10,True,93.3,2
S033,8,9,True,82.2,3
S033,9,9,True,78.2,0
S033,10,7,False,82.8,1
S034,1,8,True,67.6,2
S034,2,7,True,83.3,1
S034,3,10,True,78.2,2
S034,4,3,True,76.6,1
S034,5,8,True,75.5,0
S034,6,5,True,61.9,0
S034,7,4,True,76.2,0
S034,8,6,True,70.5,0
S034,9,1,True,68.0,2
S034,10,8,True,59.8,1
S035,1,8,False,63.9,0
S035,2,5,False,79.4,2
S035,3,6,False,53.4,1
S035,4,4,True,82.0,1
S035,5,5,False,81.7,0
S035,6,4,True,67.5,0
S035,7,7,True,64.9,1
S035,8,2,True,78.3,1
S035,9,4,True,71.7,0
S035,10,6,True,86.0,0
S036,1,6,True,58.9,0
S036,2,4,False,60.2,0
S036,3,8,False,53.9,3
S036,4,2,True,39.2,0
S036,5,1,False,44.9,0
S036,6,3,False,20.8,1
S036,7,3,True,22.8,0
S036,8,1,True,27.8,2
S036,9,3,True,22.5,1
S036,10,1,False,20.4,0
S037,1,5,True,90.1,5
S037,2,4,True,74.3,1
S037,3,10,True,86.3,0
S037,4,5,True,75.1,2
S037,5,9,True,75.9,2
S037,6,9,True,68.7,1
S037,7,7,True,72.1,1
S037,8,5,True,68.8,1
S037,9,4,True,74.1,1
S037,10,7,False,88.0,1
S038,1,6,False,79.5,1
S038,2,5,False,93.0,3
S038,3,6,True,66.1,2
S038,4,7,True,79.1,1
S038,5,7,True,86.6,1
S038,6,9,True,75.8,4
S038,7,6,True,86.6,1
S038,8,10,True,72.7,1
S038,9,7,True,89.1,0
S038,10,6,True,88.4,3
S039,1,8,True,71.5,1
S039,2,4,True,69.3,0
S039,3,7,False,58.6,1
S039,4,7,False,81.6,3
S039,5,4,False,68.3,0
S039,6,8,True,60.2,0
S039,7,8,True,63.0,1
S039,8,6,True,66.2,1
S039,9,6,True,77.5,0
S039,10,6,False,42.7,1
