student_id,name,city,work_experience_years,prior_module_score_pct
S001,Thirunavukarasu Jayavelu,Mumbai,10,88.2
S002,Manikya Rao Segu,Bengaluru,2,82.6
S003,Jayaprakash Mahankali,Hyderabad,2,74.6
S004,Ajay Kumar S V,Chennai,8,71.4
S005,Manoj Kumar,Chennai,5,98.0
S006,Kumar Kanishka,Pune,11,71.3
S007,Suyash Jain,Mumbai,3,67.9
S008,Abhijit Wagh,Kochi,10,68.4
S009,Prakash Bhawnani,Mumbai,7,73.4
S010,Deepak Khandelwal,Coimbatore,28,65.7
S011,Nikhilesh Kumar,Kolkata,17,72.0
S012,Duraimurugan Kandasamy,Bengaluru,14,84.4
S013,Gagan Chawla,Bengaluru,12,67.7
S014,Amit Kumar Sahoo,Mumbai,4,70.2
S015,Manish Madan Sharma,Chennai,12,73.8
S016,Rajesh Manoharan,Chennai,11,76.7
S017,Hari Nair,Kochi,15,66.8
S018,Adesh Kumar Tripathi,Coimbatore,7,68.9
S019,Sivajothi Gunasekaran,Bengaluru,12,78.8
S020,Ayush Taliwal,Kochi,16,62.9
S021,Ravi Kumar,Chennai,15,85.7
S022,Arvind Suryanarayanan,Kochi,13,81.6
S023,Milan Gupta,Kolkata,7,84.4
S024,Swaroop Madakasira,Chennai,7,66.7
S025,Karthick E,Ahmedabad,19,61.3
S026,Randhir Singh,Coimbatore,10,80.4
S027,Ayush Saxena,Hyderabad,4,65.7
S028,Manish,Bengaluru,17,74.5
S029,Sandeep Chauhan,Pune,8,78.6
S030,Kannan Arumugam,Kolkata,6,60.5
S031,Ankush Arora,Delhi NCR,13,69.8
S032,J Pravin Kumar,Hyderabad,23,90.6
S033,Hiteshchandra Patel,Pune,8,66.9
S034,Raghuraj Deshpande,Chennai,20,77.6
S035,Krishna Kumar Subramanian,Delhi NCR,17,67.4
S036,Snehal R Singh,Mumbai,5,73.1
S037,Mirle Seetharamu Manjunath,Mumbai,9,84.5
S038,Jayanthi Mani,Kolkata,2,85.5
S039,Prakshi Bansal,Mumbai,9,75.9
